variation,is_in_tmh,p_in_tmh
NP_001333827.1:p.Cys1115Gly,FALSE,0.022007042253521125
NP_001333826.1:p.Cys1070Gly,FALSE,0.022914757103574702
NP_001333827.1:p.Val1095fs,NA,0.022007042253521125
NP_001333826.1:p.Val1050fs,NA,0.022914757103574702
