variation,is_in_tmh,p_in_tmh
NP_000585.2:p.Leu196=,NA,0.0944206008583691
NP_000585.2:p.Gly144Asp,FALSE,0.0944206008583691
NP_000585.2:p.Ser136Phe,FALSE,0.0944206008583691
NP_000585.2:p.Pro84fs,NA,0.0944206008583691
NP_000585.2:p.Gln59fs,NA,0.0944206008583691
NP_000585.2:p.His52Gln,TRUE,0.0944206008583691
