variation,is_in_tmh,p_in_tmh
NP_001107.2:p.Val17Gly,FALSE,0.1670362158167036
XP_005255136.1:p.Val17Gly,FALSE,0.16399416909620992
XP_011520655.1:p.Val17Gly,FALSE,0.2087912087912088
NP_001107.2:p.Ser18=,NA,NA
XP_005255136.1:p.Ser18=,NA,NA
XP_011520655.1:p.Ser18=,NA,NA
NP_001107.2:p.Phe116Val,FALSE,0.1670362158167036
XP_005255136.1:p.Phe116Val,FALSE,0.16399416909620992
XP_011520655.1:p.Phe116Val,FALSE,0.2087912087912088
NP_001107.2:p.Trp130Gly,TRUE,0.1670362158167036
XP_005255136.1:p.Trp130Gly,TRUE,0.16399416909620992
XP_011520655.1:p.Trp130Gly,TRUE,0.2087912087912088
NP_001107.2:p.Val250Gly,TRUE,0.1670362158167036
XP_005255136.1:p.Val250Gly,TRUE,0.16399416909620992
XP_011520655.1:p.Val250Gly,TRUE,0.2087912087912088
NP_001107.2:p.Leu323=,NA,NA
XP_005255136.1:p.Leu323=,NA,NA
XP_011520655.1:p.Leu323=,NA,NA
NP_001107.2:p.Glu391Asp,FALSE,0.1670362158167036
XP_005255136.1:p.Glu391Asp,FALSE,0.16399416909620992
XP_011520655.1:p.Glu391Asp,FALSE,0.2087912087912088
NP_001107.2:p.Asp427Ala,FALSE,0.1670362158167036
XP_005255136.1:p.Asp427Ala,FALSE,0.16399416909620992
XP_011520655.1:p.Asp427Ala,FALSE,0.2087912087912088
NP_001107.2:p.Phe505Val,FALSE,NA
XP_005255136.1:p.Phe505Val,FALSE,NA
XP_011520655.1:p.Phe505Val,FALSE,NA
NP_001107.2:p.Asn515Thr,FALSE,NA
XP_005255136.1:p.Asn515Thr,FALSE,NA
XP_011520655.1:p.Asn515Thr,FALSE,NA
NP_001107.2:p.Gly527=,NA,NA
XP_005255136.1:p.Gly527=,NA,NA
XP_011520655.1:p.Gly527=,NA,NA
NP_001107.2:p.Val529Gly,FALSE,NA
XP_005255136.1:p.Val529Gly,FALSE,NA
XP_011520655.1:p.Val529Gly,FALSE,NA
NP_001107.2:p.His530Pro,FALSE,NA
XP_005255136.1:p.His530Pro,FALSE,NA
XP_011520655.1:p.His530Pro,FALSE,NA
NP_001107.2:p.Thr535Ala,FALSE,NA
XP_005255136.1:p.Thr535Ala,FALSE,NA
XP_011520655.1:p.Thr535Ala,FALSE,NA
NP_001107.2:p.Asp547=,NA,NA
XP_005255136.1:p.Asp547=,NA,NA
XP_011520655.1:p.Asp547=,NA,NA
